arc_id,point_order,x,y,genre,direction,total
0,0,400.0,80.0,Drama,all,9000
0,1,413.3536654925177,80.2787470030903,Drama,all,9000
0,2,426.6840666460583,81.11450238803786,Drama,all,9000
0,3,439.96797965204996,82.50581012791224,Drama,all,9000
0,4,453.1822616921192,84.45024632982052,Drama,all,9000
0,5,466.3038912567869,86.94442345773786,Drama,all,9000
0,6,479.310008252823,89.98399623416674,Drama,all,9000
0,7,492.17795382938704,93.56366921034413,Drama,all,9000
0,8,504.8853098535702,97.67720599180655,Drama,all,9000
0,9,517.4099379665666,102.31744010324189,Drama,all,9000
0,10,529.7300181524305,107.4762874736989,Drama,all,9000
0,11,541.8240867522267,113.14476052040311,Drama,all,9000
0,12,553.6710738573465,119.31298380664282,Drama,all,9000
0,13,565.2503400168451,125.9702112464467,Drama,all,9000
0,14,576.541712194848,133.10484482607882,Drama,all,9000
0,15,587.5255189153836,140.7044548097362,Drama,all,9000
0,16,598.1826245334153,148.7558013942464,Drama,all,9000
0,17,608.4944625723641,157.24485777503895,Drama,all,9000
0,18,618.4430680700444,166.15683458320632,Drama,all,9000
0,19,628.0111088766599,175.47620565108042,Drama,all,9000
0,20,637.1819158503338,185.18673506143713,Drama,all,9000
0,21,645.939511897567,195.27150543320428,Drama,all,9000
0,22,654.2686398080318,205.71294739439446,Drama,all,9000
0,23,662.1547888352072,216.4928701909162,Drama,all,9000
0,24,669.5842199765476,227.59249337793787,Drama,all,9000
0,25,676.5439899091449,238.99247953859185,Drama,all,9000
0,26,683.0219735391809,250.67296797301847,Drama,all,9000
0,27,689.0068851258873,262.6136092990568,Drama,all,9000
0,28,661.9124896453353,275.4935834272702,Drama,all,9000
0,29,656.4886635198827,264.67237722554796,Drama,all,9000
0,30,650.6179908551626,254.08693458184882,Drama,all,9000
0,31,644.3106993537463,243.7556971237562,Drama,all,9000
0,32,637.5777773819065,233.69666361051776,Drama,all,9000
0,33,630.4309548260289,223.92735857616992,Drama,all,9000
0,34,622.8826826571701,214.46480179884136,Drama,all,9000
0,35,614.9461112393649,205.3254786494274,Drama,all,9000
0,36,606.635067419473,196.5253113712916,Drama,all,9000
0,37,597.9640304384777,188.0796313410307,Drama,all,9000
0,38,588.948106706205,180.00315235862902,Drama,all,9000
0,39,579.6030034834075,172.30994501353578,Drama,all,9000
0,40,569.9450015170663,165.0134121713234,Drama,all,9000
0,41,559.9909266765809,158.12626562363388,Drama,all,9000
0,42,549.7581206402659,151.6605039420923,Drama,all,9000
0,43,539.2644106832203,145.6273915747701,Drama,all,9000
0,44,528.5280786192054,140.03743922161527,Drama,all,9000
0,45,517.5678289506401,134.90038552303963,Drama,all,9000
0,46,506.4027562822009,130.22518009356293,Drama,all,9000
0,47,495.052312054798,126.0199679300747,Drama,all,9000
0,48,483.536270657882,122.29207522187437,Drama,all,9000
0,49,471.8746949791209,119.04799658721362,Drama,all,9000
0,50,460.0879014514631,116.29338375857486,Drama,all,9000
0,51,448.19642465848295,114.03303573639982,Drama,all,9000
0,52,436.22098155967024,112.27089042842044,Drama,all,9000
0,53,424.18243539799033,111.01001778915929,Drama,all,9000
0,54,412.10175935259406,110.2526144715506,Drama,all,9000
0,55,400.0,110.0,Drama,all,9000
1,0,692.3508771797203,269.88095983966036,Comedy,all,7945
1,1,696.9461105457283,280.73974915436366,Comedy,all,7945
1,2,701.1381772918826,291.76045927054827,Comedy,all,7945
1,3,704.9213858084258,302.9281272629961,Comedy,all,7945
1,4,708.2905995963918,314.22759068035214,Comedy,all,7945
1,5,711.2412442414802,325.64350813133245,Comedy,all,7945
1,6,713.7693136247838,337.1603801138801,Comedy,all,7945
1,7,715.8713753619343,348.7625700589894,Comedy,all,7945
1,8,717.5445754632846,360.4343255606279,Comedy,all,7945
1,9,718.7866422087975,372.15979976293113,Comedy,all,7945
1,10,719.5958892323832,383.92307287563256,Comedy,all,7945
1,11,719.9712178114938,395.7081737885179,Comedy,all,7945
1,12,719.9121183588702,407.49910175555624,Comedy,all,7945
1,13,719.4186711144137,419.2798481192687,Comedy,all,7945
1,14,718.4915460362428,431.0344180458383,Comedy,all,7945
1,15,717.1320018910857,442.74685224145094,Comedy,all,7945
1,16,715.3418845452395,454.401248620384,Comedy,all,7945
1,17,713.1236244584202,465.98178389542255,Comedy,all,7945
1,18,710.4802333839034,477.47273506129005,Comedy,all,7945
1,19,707.4153002794383,488.85850074192575,Comedy,all,7945
1,20,703.9329864344838,500.123622372624,Comedy,all,7945
1,21,700.038019820387,511.25280518827844,Comedy,all,7945
1,22,695.7356886711689,522.2309389892328,Comedy,all,7945
1,23,691.0318343036383,533.0431186565454,Comedy,all,7945
1,24,685.9328431865799,543.6746643888154,Comedy,all,7945
1,25,680.4456382697824,554.11114163309,Comedy,all,7945
1,26,674.5776695846835,564.3383806827985,Comedy,all,7945
1,27,668.3369041293884,574.3424959161005,Comedy,all,7945
1,28,643.1803193672581,557.997886923966,Comedy,all,7945
1,29,648.8360130611193,548.9316574937862,Comedy,all,7945
1,30,654.1538596819904,539.6632221049878,Comedy,all,7945
1,31,659.126639137838,530.2051646023639,Comedy,all,7945
1,32,663.7475998376722,520.5703262824943,Comedy,all,7945
1,33,668.0104678582468,510.7717884589921,Comedy,all,7945
1,34,671.9094554622258,500.82285470187736,Comedy,all,7945
1,35,675.439268956251,490.7370327751905,Comedy,all,7945
1,36,678.5951158782409,480.5280162973702,Comedy,all,7945
1,37,681.3727115041625,470.2096661492941,Comedy,all,7945
1,38,683.7682846654433,459.79599165522666,Comedy,all,7945
1,39,685.7785828691233,449.30113156222296,Comedy,all,7945
1,40,687.4008767137964,438.7393348438149,Comedy,all,7945
1,41,688.632963595345,428.12494135404097,Comedy,all,7945
1,42,689.4731706974374,417.47236235808725,Comedy,all,7945
1,43,689.9203572627262,406.7960609659728,Comedy,all,7945
1,44,689.9739161416662,396.1105324958443,Comedy,all,7945
1,45,689.6337746168474,385.430284793542,Comedy,all,7945
1,46,688.9003945017228,374.76981853515633,Comedy,all,7945
1,47,687.7747715136015,364.143607539319,Comedy,all,7945
1,48,686.2584339217531,353.5660791159591,Comedy,all,7945
1,49,684.3534404724603,343.0515944782038,Comedy,all,7945
1,50,682.0623775938415,332.61442924402,Comedy,all,7945
1,51,679.3883558842301,322.26875405406906,Comedy,all,7945
1,52,676.3350058888859,312.02861533209017,Comedy,all,7945
1,53,672.9064731707687,301.90791621393436,Comedy,all,7945
1,54,669.1074126820663,291.92039767114204,Comedy,all,7945
1,55,664.9429824441215,282.0796198546922,Comedy,all,7945
2,0,663.8949448190456,580.9957405547237,Thriller,all,5621
2,1,659.0871725924491,587.8133035704619,Thriller,all,5621
2,2,654.1033176408253,594.5032235309375,Thriller,all,5621
2,3,648.9467671282405,601.0609537836663,Thriller,all,5621
2,4,643.6210255873849,607.4820375159034,Thriller,all,5621
2,5,638.1297125377969,613.7621107836144,Thriller,all,5621
2,6,632.476560025938,619.8969054773314,Thriller,all,5621
2,7,626.6654100887929,625.8822522228768,Thriller,all,5621
2,8,620.700212142715,631.714083214984,Thriller,all,5621
2,9,614.5850202992963,637.3884349818891,Thriller,all,5621
2,10,608.3239906100812,642.9014510790144,Thriller,all,5621
2,11,601.9213782420012,648.2493847099136,Thriller,all,5621
2,12,595.3815345854466,653.4286012726976,Thriller,all,5621
2,13,588.7089042969427,658.4355808302087,Thriller,all,5621
2,14,581.9080222784398,663.2669205022664,Thriller,all,5621
2,15,574.98351059527,667.9193367783577,Thriller,all,5621
2,16,567.940075334865,672.3896677492006,Thriller,all,5621
2,17,560.7825034083704,676.6748752556642,Thriller,all,5621
2,18,553.5156592973306,680.7720469535845,Thriller,all,5621
2,19,546.1444817476533,684.6783982930735,Thriller,all,5621
2,20,538.6739804131034,688.3912744109748,Thriller,all,5621
2,21,531.1092324506051,691.9081519351819,Thriller,all,5621
2,22,523.4553790696674,695.2266406995898,Thriller,all,5621
2,23,515.7176220382773,698.3444853685189,Thriller,all,5621
2,24,507.9012201476368,701.2595669695008,Thriller,all,5621
2,25,500.0114856381435,703.9699043333919,Thriller,all,5621
2,26,492.0537805890476,706.4736554408282,Thriller,all,5621
2,27,484.0335132742364,708.7691186741134,Thriller,all,5621
2,28,476.1553714047767,679.8220137984154,Thriller,all,5621
2,29,483.4237386588244,677.7417502432506,Thriller,all,5621
2,30,490.6354088595675,675.4727258021364,Thriller,all,5621
2,31,497.78548075879587,673.0164825661102,Thriller,all,5621
2,32,504.8690949721889,670.3746898652203,Thriller,all,5621
2,33,511.88143728188606,667.5491431340033,Thriller,all,5621
2,34,518.8177419083609,664.5417626912586,Thriller,all,5621
2,35,525.6732947493749,661.354592434946,Thriller,all,5621
2,36,532.4434365838108,657.9897984530978,Thriller,all,5621
2,37,539.1235662382059,654.449667551686,Thriller,all,5621
2,38,545.7091437138357,650.7366057004457,Thriller,all,5621
2,39,552.1956932722213,646.8531363977131,Thriller,all,5621
2,40,558.5788064769633,642.8018989553866,Thriller,all,5621
2,41,564.854145189836,638.585646705179,Thriller,all,5621
2,42,571.0174445191043,634.2072451273766,Thriller,all,5621
2,43,577.0645157180609,629.6696699033822,Thriller,all,5621
2,44,582.9912490318136,624.9760048933592,Thriller,all,5621
2,45,588.7936164903861,620.1294400403567,Thriller,all,5621
2,46,594.4676746462372,615.133269202337,Thriller,all,5621
2,47,600.0095672543355,609.9908879135794,Thriller,all,5621
2,48,605.4155278929686,604.7057910769822,Thriller,all,5621
2,49,610.6818825235064,599.2815705888315,Thriller,all,5621
2,50,615.8050519873784,593.7219128976506,Thriller,all,5621
2,51,620.7815544385676,588.0305964987874,Thriller,all,5621
2,52,625.608007709968,582.2114893664476,Thriller,all,5621
2,53,630.2811316119979,576.2685463249121,Thriller,all,5621
2,54,634.7977501619071,570.2058063607311,Thriller,all,5621
2,55,639.1547937422602,564.0273898777184,Thriller,all,5621
3,0,476.28883026330897,710.7732523513824,Action,all,6890
3,1,466.3204794292749,713.05206277594,Action,all,6890
3,2,456.28440852358074,715.0112146529876,Action,all,6890
3,3,446.1908654130508,716.6487074857458,Action,all,6890
3,4,436.05015664957733,717.9628692246013,Action,all,6890
3,5,425.87263694606423,718.9523579744429,Action,all,6890
3,6,415.66869860319423,719.6161633648746,Action,all,6890
3,7,405.4487608978141,719.9536075819094,Action,all,6890
3,8,395.2232594437755,719.9643460600861,Action,all,6890
3,9,385.00263553609284,719.6483678343075,Action,all,6890
3,10,374.7973254893013,719.0059955510362,Action,all,6890
3,11,364.6177499808993,718.0378851388398,Action,all,6890
3,12,354.47430341075915,716.745025138619,Action,all,6890
3,13,344.37734328736855,715.128735694206,Action,all,6890
3,14,334.33717965174344,713.1906672043606,Action,all,6890
3,15,324.3640645498089,710.9327986375424,Action,all,6890
3,16,314.46818156399974,708.3574355111793,Action,all,6890
3,17,304.6596354147687,705.4672075374951,Action,all,6890
3,18,294.948441642622,702.2650659383025,Action,all,6890
3,19,285.3445163812158,698.754280431499,Action,all,6890
3,20,275.8576662319575,694.9384358923468,Action,all,6890
3,21,266.4975782504514,690.8214286929449,Action,all,6890
3,22,257.27381005501263,686.4074627236298,Action,all,6890
3,23,248.1957800673496,681.7010451003679,Action,all,6890
3,24,239.27275789538112,676.7069815625244,Action,all,6890
3,25,230.5138548680074,671.4303715657059,Action,all,6890
3,26,221.92801473150104,665.8766030746885,Action,all,6890
3,27,213.52400451701607,660.0513470617489,Action,all,6890
3,28,231.0061290935458,635.6715332747099,Action,all,6890
3,29,238.62226335042283,640.9506715364365,Action,all,6890
3,30,246.4031809741318,645.983774231421,Action,all,6890
3,31,254.34093684268913,650.7657020410377,Action,all,6890
3,32,262.4274256860356,655.2915721222084,Action,all,6890
3,33,270.65439036235523,659.5567630932894,Action,all,6890
3,34,279.01343028947167,663.5569197529815,Action,all,6890
3,35,287.4960100227115,667.2879575274392,Action,all,6890
3,36,296.0934679704768,670.7460666410459,Action,all,6890
3,37,304.79702523862625,673.9277160065867,Action,all,6890
3,38,313.59779459463414,676.829656830855,Action,all,6890
3,39,322.48678954237477,679.4489259320062,Action,all,6890
3,40,331.4549334982643,681.7828487652729,Action,all,6890
3,41,340.49306905939255,683.8290421539518,Action,all,6890
3,42,349.59196735417777,685.5854167228742,Action,all,6890
3,43,358.7423374660005,687.0501790318735,Action,all,6890
3,44,367.93483592019,688.2218334070735,Action,all,6890
3,45,377.1600762246793,689.0991834681266,Action,all,6890
3,46,386.4086384545842,689.6813333498412,Action,all,6890
3,47,395.6710788709215,689.967688616953,Action,all,6890
3,48,404.937939563644,689.9579568711054,Action,all,6890
3,49,414.19975810914474,689.6521480494177,Action,all,6890
3,50,423.44707723237076,689.0505744143388,Action,all,6890
3,51,432.67045446367945,688.153850234795,Action,all,6890
3,52,441.86047178057737,686.9628911589572,Action,all,6890
3,53,451.0077452244951,685.47891327927,Action,all,6890
3,54,460.1029344827804,683.7034318906957,Action,all,6890
3,55,469.13675242612373,681.6382599434403,Action,all,6890
4,0,207.08166874991986,655.3086709606322,Romance,all,3740
4,1,202.68226455492885,651.9240188605067,Romance,all,3740
4,2,198.34223031275963,648.4635665943156,Romance,all,3740
4,3,194.06287187474675,644.9283553603442,Romance,all,3740
4,4,189.8454768357841,641.319448850732,Romance,all,3740
4,5,185.69131414690585,637.6379329314236,Romance,all,3740
4,6,181.60163373347888,633.8849153154484,Romance,all,3740
4,7,177.5776661191186,630.0615252296257,Romance,all,3740
4,8,173.62062205544265,626.1689130747974,Romance,all,3740
4,9,169.7316921577746,622.2082500796902,Romance,all,3740
4,10,165.9120465469047,618.1807279485095,Romance,all,3740
4,11,162.16283449701854,614.087558502374,Romance,all,3740
4,12,158.48518408989761,609.9299733146969,Romance,all,3740
4,13,154.8802018754964,605.7092233406237,Romance,all,3740
4,14,151.34897253899783,601.4265785406383,Romance,all,3740
4,15,147.89255857444823,597.0833274984517,Romance,all,3740
4,16,144.51199996506824,592.6807770332855,Romance,all,3740
4,17,141.20831387033763,588.2202518066701,Romance,all,3740
4,18,137.98249431994742,583.7030939238739,Romance,all,3740
4,19,134.83551191471093,579.1306625300833,Romance,all,3740
4,20,131.7683135345248,574.5043334014574,Romance,all,3740
4,21,128.78182205346678,569.8254985311765,Romance,all,3740
4,22,125.8769360621169,565.0955657106127,Romance,all,3740
4,23,123.05452959718474,560.3159581057462,Romance,all,3740
4,24,120.31545187852532,555.4881138289564,Romance,all,3740
4,25,117.66052705362108,550.6134855063151,Romance,all,3740
4,26,115.09055394960882,545.6935398405133,Romance,all,3740
4,27,112.6063058329238,540.729757169552,Romance,all,3740
4,28,139.5494646610872,527.5363424349065,Romance,all,3740
4,29,141.800814516833,532.0347704804651,Romance,all,3740
4,30,144.12985264234413,536.4934712400981,Romance,all,3740
4,31,146.53587826491355,540.9111031574918,Romance,all,3740
4,32,149.01816744744866,545.2863370333325,Romance,all,3740
4,33,151.5759733062934,549.6178564252427,Romance,all,3740
4,34,154.20852623595428,553.9043580438788,Romance,all,3740
4,35,156.91503414066312,558.1445521450707,Romance,all,3740
4,36,159.6946826727068,562.337162917888,Romance,all,3740
4,37,162.54663547745236,566.4809288685107,Romance,all,3740
4,38,165.47003444499347,570.5746031997949,Romance,all,3740
4,39,168.46399996834307,574.616954186415,Romance,all,3740
4,40,171.5276312080937,578.606765545472,Romance,all,3740
4,41,174.66000636346678,582.5428368024535,Romance,all,3740
4,42,177.86018294966863,586.4239836524403,Romance,all,3740
4,43,181.12719808146971,590.2490383164441,Romance,all,3740
4,44,184.46006876292307,594.0168498927765,Romance,all,3740
4,45,187.85779218313237,597.7262847033367,Romance,all,3740
4,46,191.31934601798324,601.3762266347192,Romance,all,3740
4,47,194.8436887377449,604.9655774740352,Romance,all,3740
4,48,198.4297599204512,608.4932572393483,Romance,all,3740
4,49,202.07648057096523,611.9582045046252,Romance,all,3740
4,50,205.78275344563343,615.3593767191027,Romance,all,3740
4,51,209.54746338242933,618.6957505209758,Romance,all,3740
4,52,213.36947763648934,621.9663220453119,Romance,all,3740
4,53,217.2476462209384,625.1701072260985,Romance,all,3740
4,54,221.18080225290427,628.3061420923342,Romance,all,3740
4,55,225.16776230461485,631.3734830580729,Romance,all,3740
5,0,109.17823422786807,533.501687454426,Crime,all,3388
5,1,107.1164235655923,528.9155175104628,Crime,all,3388
5,2,105.12693002838807,524.2975164897387,Crime,all,3388
5,3,103.21024485053613,519.6488246424564,Crime,all,3388
5,4,101.36684128889635,514.9705897968205,Crime,all,3388
5,5,99.59717450605444,510.26396707562304,Crime,all,3388
5,6,97.90168145793535,505.5301186110262,Crime,all,3388
5,7,96.28078078591307,500.77021325761586,Crime,all,3388
5,8,94.73487271344152,495.98542630379507,Crime,all,3388
5,9,93.26433894723459,491.17693918158795,Crime,all,3388
5,10,91.8695425830162,486.34593917492776,Crime,all,3388
5,11,90.55082801586786,481.49361912649965,Crime,all,3388
5,12,89.30852085519183,476.62117714321045,Crime,all,3388
5,13,88.14292784431404,471.7298163003592,Crime,all,3388
5,14,87.05433678474441,466.8207443445806,Crime,all,3388
5,15,86.04301646511476,461.89517339563565,Crime,all,3388
5,16,85.10921659481119,456.9543196471214,Crime,all,3388
5,17,84.25316774231698,451.99940306617566,Crime,all,3388
5,18,83.47508127828223,447.0316470922502,Crime,all,3388
5,19,82.77514932333315,442.0522783350253,Crime,all,3388
5,20,82.15354470063505,437.0625262715429,Crime,all,3388
5,21,81.61042089321961,432.0636229426311,Crime,all,3388
5,22,81.14591200608777,427.0568026486959,Crime,all,3388
5,23,80.76013273309746,422.04330164495434,Crime,all,3388
5,24,80.45317832864384,417.02435783618597,Crime,all,3388
5,25,80.22512458413979,412.0012104710767,Crime,all,3388
5,26,80.07602780930182,406.97509983623,Crime,all,3388
5,27,80.00592481824646,401.9472669499229,Crime,all,3388
5,28,110.00536936653589,401.76471067336763,Crime,all,3388
5,29,110.06890020217975,406.32118422658345,Crime,all,3388
5,30,110.20401915437668,410.87609698941327,Crime,all,3388
5,31,110.41069286033348,415.42832428904353,Crime,all,3388
5,32,110.68887028936956,419.97674211573985,Crime,all,3388
5,33,111.03848275551707,424.52022740038063,Crime,all,3388
5,34,111.45944393448025,429.0576582917595,Crime,all,3388
5,35,111.95164988495054,433.58791443358575,Crime,all,3388
5,36,112.51497907427068,438.10987724111664,Crime,all,3388
5,37,113.14929240844327,442.6224301773517,Crime,all,3388
5,38,113.85443326647476,447.1244590287217,Crime,all,3388
5,39,114.63022753904767,451.61485218020374,Crime,all,3388
5,40,115.47648367151027,456.0925008897948,Crime,all,3388
5,41,116.3929927111746,460.5562995622762,Crime,all,3388
5,42,117.37952835890957,465.0051460222005,Crime,all,3388
5,43,118.43584702501761,469.43794178603446,Crime,all,3388
5,44,119.56168788938027,473.85359233339034,Crime,all,3388
5,45,120.75677296585843,478.2510073772783,Crime,all,3388
5,46,122.02080717093133,482.6291011333141,Crime,all,3388
5,47,123.3534783965564,486.9867925878143,Crime,all,3388
5,48,124.75445758723367,491.32300576471437,Crime,all,3388
5,49,126.22339882125391,495.63666999124246,Crime,all,3388
5,50,127.7599393961118,499.9267201622834,Crime,all,3388
5,51,129.3636999180623,504.1920970033686,Crime,all,3388
5,52,131.0342843957983,508.431747332226,Crime,all,3388
5,53,132.7712803382267,512.6446243188257,Crime,all,3388
5,54,134.574258856318,516.8296877438569,Crime,all,3388
5,55,136.4427747690055,520.9859042555736,Crime,all,3388
6,0,80.05724115571348,393.94763987301354,Adventure,all,3420
6,1,80.19348904060098,388.8736552284328,Adventure,all,3420
6,2,80.41020037999948,383.80246997694053,Adventure,all,3420
6,3,80.70732064924368,378.7353600309079,Adventure,all,3420
6,4,81.08477509274712,373.6736002773581,Adventure,all,3420
6,5,81.54246874281091,368.61846425720313,Adventure,all,3420
6,6,82.08028644351754,363.57122384482096,Adventure,all,3420
6,7,82.69809287970418,358.53314892805133,Adventure,all,3420
6,8,83.39573261100816,353.50550708869133,Adventure,all,3420
6,9,84.1730301109755,348.4895632835712,Adventure,all,3420
6,10,85.0297898112239,343.4865795262912,Adventure,all,3420
6,11,85.96579615064746,338.49781456969765,Adventure,all,3420
6,12,86.98081362965206,333.5245235891806,Adventure,all,3420
6,13,88.07458686940731,328.5679578668712,Adventure,all,3420
6,14,89.24684067609974,323.62936447681835,Adventure,all,3420
6,15,90.49728011017169,318.7099859712249,Adventure,all,3420
6,16,91.82559056052838,313.8110600678201,Adventure,all,3420
6,17,93.23143782369425,308.9338193384501,Adventure,all,3420
6,18,94.71446818789849,304.07949089896175,Adventure,all,3420
6,19,96.27430852206913,299.2492961004602,Adventure,all,3420
6,20,97.91056636971302,294.44445022201603,Adventure,all,3420
6,21,99.62283004765811,289.6661621649011,Adventure,all,3420
6,22,101.41066874963286,284.9156341484277,Adventure,all,3420
6,23,103.27363265465772,280.1940614074704,Adventure,all,3420
6,24,105.21125304021984,275.5026318917436,Adventure,all,3420
6,25,107.22304240020401,270.842525966914,Adventure,all,3420
6,26,109.30849456754964,266.21491611761917,Adventure,all,3420
6,27,111.46708484160217,261.62096665247014,Adventure,all,3420
6,28,138.51704563770193,274.5940010288011,Adventure,all,3420
6,29,136.56082320184186,278.7572677315924,Adventure,all,3420
6,30,134.6708821751849,282.9510391575158,Adventure,all,3420
6,31,132.84769806769918,287.1742601518927,Adventure,all,3420
6,32,131.09172959328356,291.42586815052,Adventure,all,3420
6,33,129.4034185543548,295.70479344701266,Adventure,all,3420
6,34,127.78318973069014,300.0099594619416,Adventure,all,3420
6,35,126.23145077255248,304.340283013702,Adventure,all,3420
6,36,124.74859209812513,308.69467459104203,Adventure,all,3420
6,37,123.33498679528304,313.0720386271841,Adventure,all,3420
6,38,121.99099052772294,317.4712737754704,Adventure,all,3420
6,39,120.71694144547882,321.891273186462,Adventure,all,3420
6,40,119.51316009984305,326.33092478642254,Adventure,all,3420
6,41,118.37994936271537,330.78911155711666,Adventure,all,3420
6,42,117.31759435040038,335.264711816852,Adventure,all,3420
6,43,116.3263623518722,339.75659950269494,Adventure,all,3420
6,44,115.40650276152428,344.2636444537885,Adventure,all,3420
6,45,114.55824701642166,348.7847126957014,Adventure,all,3420
6,46,113.78180853807157,353.31866672573636,Adventure,all,3420
6,47,113.07738267872611,357.8643657991265,Adventure,all,3420
6,48,112.44514667223189,362.4206662160465,Adventure,all,3420
6,49,111.88525958943774,366.986421609369,Adventure,all,3420
6,50,111.39786229817241,371.56048323309034,Adventure,all,3420
6,51,110.98307742780207,376.14170025135576,Adventure,all,3420
6,52,110.6410093383771,380.7289200280103,Adventure,all,3420
6,53,110.37174409437449,385.32098841660235,Adventure,all,3420
6,54,110.17534944304464,389.9167500507673,Adventure,all,3420
6,55,110.05187479736537,394.5150486349185,Adventure,all,3420
7,0,115.01636216439658,254.4516363335347,Horror,all,3240
7,1,117.23564623371533,250.18571416872356,Horror,all,3240
7,2,119.51878234262716,245.9536221086732,Horror,all,3240
7,3,121.86525492792464,241.75631581737096,Horror,all,3240
7,4,124.27453412416173,237.59474310370393,Horror,all,3240
7,5,126.7460758833048,233.4698437074312,Horror,all,3240
7,6,129.27932209758626,229.3825490869778,Horror,all,3240
7,7,131.87370072553244,225.3337822090984,Horror,all,3240
7,8,134.5286259211391,221.32445734045882,Horror,all,3240
7,9,137.24349816616262,217.3554798411827,Horror,all,3240
7,10,140.01770440549973,213.42774596040846,Horror,all,3240
7,11,142.85061818562377,209.54214263390406,Horror,all,3240
7,12,145.74159979604627,205.69954728378502,Horror,all,3240
7,13,148.68999641377258,201.90082762038008,Horror,all,3240
7,14,151.69514225071768,198.14684144629126,Horror,all,3240
7,15,154.75635870405068,194.43843646268954,Horror,all,3240
7,16,157.87295450943213,190.77645007789283,Horror,all,3240
7,17,161.0442258971115,187.16170921826748,Horror,all,3240
7,18,164.26945675084738,183.5950301414975,Horror,all,3240
7,19,167.54791876961656,180.07721825226196,Horror,all,3240
7,20,170.8788716320742,176.60906792036417,Horror,all,3240
7,21,174.26156316372882,173.19136230135146,Horror,all,3240
7,22,177.695229506793,169.8248731596688,Horror,all,3240
7,23,181.1790952926731,166.51036069438334,Horror,all,3240
7,24,184.71237381705828,163.24857336752132,Horror,all,3240
7,25,188.29426721756843,160.0402477350552,Horror,all,3240
7,26,191.92396665392346,156.88610828057887,Horror,all,3240
7,27,195.60065249058874,153.7868672517103,Horror,all,3240
7,28,214.76309131959604,176.86934844686246,Horror,all,3240
7,29,211.43109478011812,179.6780356292746,Horror,all,3240
7,30,208.14167966592137,182.53647450989376,Horror,all,3240
7,31,204.89558877170904,185.4440196143162,Horror,all,3240
7,32,201.693555108985,188.4000143792849,Horror,all,3240
7,33,198.53630174053114,191.40379130094988,Horror,all,3240
7,34,195.42454161712925,194.45467208559978,Horror,all,3240
7,35,192.35897741656734,197.55196780282995,Horror,all,3240
7,36,189.340301384965,200.6949790411124,Horror,all,3240
7,37,186.36919518045545,203.8829960657321,Horror,all,3240
7,38,183.44632971925728,207.1152989790549,Horror,all,3240
7,39,180.57236502417285,210.3911578830904,Horror,all,3240
7,40,177.74795007554593,213.70983304431238,Horror,all,3240
7,41,174.9737226647129,217.07057506070146,Horror,all,3240
7,42,172.2503092499814,220.47262503096945,Horror,all,3240
7,43,169.57832481516692,223.91521472593018,Horror,all,3240
7,44,166.95837273072152,227.39756676197555,Horror,all,3240
7,45,164.3910446174841,230.9188947766202,Horror,all,3240
7,46,161.87692021308487,234.47840360607182,Horror,all,3240
7,47,159.41656724103234,238.07528946479079,Horror,all,3240
7,48,157.0105412825138,241.70874012699542,Horror,all,3240
7,49,154.6593856509375,245.37793511007362,Horror,all,3240
7,50,152.363631269245,249.08204585985953,Horror,all,3240
7,51,150.12379655002155,252.8202359377317,Horror,all,3240
7,52,147.9403872784317,256.59166120949243,Horror,all,3240
7,53,145.81389649800587,260.39547003598506,Horror,all,3240
7,54,143.74480439930448,264.23080346540576,Horror,all,3240
7,55,141.73357821148443,268.0967954272659,Horror,all,3240
8,0,201.81921111865313,148.7543534340007,Science Fiction,all,2532
8,1,204.78331386791064,146.44439376025363,Science Fiction,all,2532
8,2,207.7743386354179,144.16940153111273,Science Fiction,all,2532
8,3,210.7918729337746,141.92969048708625,Science Fiction,all,2532
8,4,213.83550061969373,139.72556950311093,Science Fiction,all,2532
8,5,216.9048019513912,137.55734254595592,Science Fiction,all,2532
8,6,219.99935364647197,135.42530863230297,Science Fiction,all,2532
8,7,223.11872894030404,133.3297617875096,Science Fiction,all,2532
8,8,226.26249764487306,131.27099100506052,Science Fiction,all,2532
8,9,229.43022620810862,129.24928020671302,Science Fiction,all,2532
8,10,232.62147777367494,127.26490820334175,Science Fiction,all,2532
8,11,235.83581224121698,125.31814865648835,Science Fiction,all,2532
8,12,239.07278632705382,123.40927004062132,Science Fiction,all,2532
8,13,242.33195362531134,121.53853560611117,Science Fiction,all,2532
8,14,245.6128646694851,119.70620334292573,Science Fiction,all,2532
8,15,248.9150669944264,117.9125259450513,Science Fiction,all,2532
8,16,252.23810519873973,116.15775077564427,Science Fiction,all,2532
8,17,255.58152100758716,114.44211983291717,Science Fiction,all,2532
8,18,258.94485333588835,112.76586971676579,Science Fiction,all,2532
8,19,262.3276383519078,111.12923159613933,Science Fiction,all,2532
8,20,265.72940954122123,109.53243117716067,Science Fiction,all,2532
8,21,269.14969777105193,107.97568867199954,Science Fiction,all,2532
8,22,272.5880313549678,106.45921876850343,Science Fiction,all,2532
8,23,276.0439361179313,104.98323060059028,Science Fiction,all,2532
8,24,279.5169354616918,103.54792771940714,Science Fiction,all,2532
8,25,283.0065504305127,102.15350806525885,Science Fiction,all,2532
8,26,286.5122997772231,100.80016394031043,Science Fiction,all,2532
8,27,290.03370002958656,99.48808198206672,Science Fiction,all,2532
8,28,300.34304065181277,127.66107429624799,Science Fiction,all,2532
8,29,297.15177167310844,128.8501485709063,Science Fiction,all,2532
8,30,293.9746863276521,130.07661668414084,Science Fiction,all,2532
8,31,290.8122227621582,131.3403094957127,Science Fiction,all,2532
8,32,287.66481710687526,132.6410527317849,Science Fiction,all,2532
8,33,284.5329034154396,133.97866700895622,Science Fiction,all,2532
8,34,281.4169136050158,135.3529678589996,Science Fiction,all,2532
8,35,278.31727739673175,136.76376575430186,Science Fiction,all,2532
8,36,275.23442225641645,138.21086613400126,Science Fiction,all,2532
8,37,272.16877333564884,139.694069430819,Science Fiction,all,2532
8,38,269.12075341312584,141.2131710985812,Science Fiction,all,2532
8,39,266.0907828363579,142.7679616404276,Science Fiction,all,2532
8,40,263.079279463699,144.35822663770276,Science Fiction,all,2532
8,41,260.0866586067209,145.98374677952648,Science Fiction,all,2532
8,42,257.1133329729384,147.6442978930382,Science Fiction,all,2532
8,43,254.1597126088925,149.3396509743131,Science Fiction,all,2532
8,44,251.2262048436029,151.06957221994256,Science Fiction,all,2532
8,45,248.31321423239294,152.83382305927844,Science Fiction,all,2532
8,46,245.42114250109844,154.63216018733368,Science Fiction,all,2532
8,47,242.5503884906662,156.4643355983361,Science Fiction,all,2532
8,48,239.70134810215055,158.33009661993057,Science Fiction,all,2532
8,49,236.87441424211522,160.22918594802456,Science Fiction,all,2532
8,50,234.06997676844827,162.16134168227254,Science Fiction,all,2532
8,51,231.28842243659744,164.12629736219426,Science Fiction,all,2532
8,52,228.53013484623324,166.1237820039219,Science Fiction,all,2532
8,53,225.7954943883475,168.15352013757092,Science Fiction,all,2532
8,54,223.084878192794,170.21523184522985,Science Fiction,all,2532
8,55,220.3986600762794,172.30863279956313,Science Fiction,all,2532
9,0,297.5800781003322,96.83311592776835,Family,all,2402
9,1,300.96381370073897,95.71093709550115,Family,all,2402
9,2,304.35984076728346,94.62652384016616,Family,all,2402
9,3,307.76773781612997,93.58001074922367,Family,all,2402
9,4,311.18708189024846,92.57152770631251,Family,all,2402
9,5,314.61744861190954,91.60119987512905,Family,all,2402
9,6,318.05841223535316,90.66914768389387,Family,all,2402
9,7,321.50954569962914,89.77548681040469,Family,all,2402
9,8,324.9704206815987,88.92032816768028,Family,all,2402
9,9,328.4406076490957,88.10377789019418,Family,all,2402
9,10,331.9196759142353,87.32593732070251,Family,all,2402
9,11,335.40719368686723,86.58690299766647,Family,all,2402
9,12,338.90272812816573,85.88676664327056,Family,all,2402
9,13,342.40584540434867,85.2256151520391,Family,all,2402
9,14,345.9161107405225,84.60353058005137,Family,all,2402
9,15,349.43308847464164,84.02059013475804,Family,all,2402
9,16,352.9563421115793,83.47686616539823,Family,all,2402
9,17,356.4854343773001,82.97242615402087,Family,all,2402
9,18,360.01992727313234,82.50733270710901,Family,all,2402
9,19,363.5593821301271,82.08164354780973,Family,all,2402
9,20,367.1033596635023,81.69541150877023,Family,all,2402
9,21,370.6514200271629,81.34868452558055,Family,all,2402
9,22,374.20312286828926,81.04150563082442,Family,all,2402
9,23,377.75802738199184,80.7739129487382,Family,all,2402
9,24,381.31569236601825,80.54593969047954,Family,all,2402
9,25,384.8756762755122,80.3576141500053,Family,all,2402
9,26,388.4375372778127,80.20895970056006,Family,all,2402
9,27,392.0008333072919,80.09999479177515,Family,all,2402
9,28,392.7507551847333,110.09062028004627,Family,all,2402
9,29,389.5215181580177,110.18936972863253,Family,all,2402
9,30,386.29358162468293,110.32408782344231,Family,all,2402
9,31,383.06734620670403,110.49475784449709,Family,all,2402
9,32,379.8432123149301,110.701358609794,Family,all,2402
9,33,376.62158009938713,110.94386447793465,Family,all,2402
9,34,373.40284939961634,111.22224535130738,Family,all,2402
9,35,370.187419695049,111.53646667982304,Family,all,2402
9,36,366.9756900554277,111.88648946520254,Family,all,2402
9,37,363.7680590912762,112.27227026581755,Family,all,2402
9,38,360.56492490442827,112.69376120208142,Family,all,2402
9,39,357.36668503861875,113.15090996239212,Family,all,2402
9,40,354.173736430144,113.64365980962447,Family,all,2402
9,41,350.9864753585985,114.17194958817157,Family,all,2402
9,42,347.805297397691,114.73571373153544,Family,all,2402
9,43,344.6305973661502,115.33488227046394,Family,all,2402
9,44,341.46276927872344,115.96938084163526,Family,all,2402
9,45,338.30220629727575,116.63913069688664,Family,all,2402
9,46,335.14930068199294,117.34404871298847,Family,all,2402
9,47,332.0044437426988,118.08404740196028,Family,all,2402
9,48,328.8680257902889,118.85903492192926,Family,all,2402
9,49,325.7404360882888,119.66891508852882,Family,all,2402
9,50,322.622062804543,120.5135873868357,Family,all,2402
9,51,319.51329296303766,121.39294698384572,Family,all,2402
9,52,316.4145123958678,122.306884741484,Family,all,2402
9,53,313.32610569535063,123.25528723015054,Family,all,2402
9,54,310.24845616629466,124.23803674279793,Family,all,2402
9,55,307.18194577842604,125.25501130954007,Family,all,2402
